scientific_name,aphia_id,family,common_name,hawaiian_name,status,notes
Chaetodon miliaris,,Chaetodontidae,Milletseed butterflyfish,Lauwiliwili,endemic,Common shallow to mesophotic
Chaetodon multicinctus,,Chaetodontidae,Multiband butterflyfish,Kikakapu,endemic,Obligate corallivore
Chaetodon fremblii,,Chaetodontidae,Bluestripe butterflyfish,Kikakapu,endemic,
Chaetodon tinkeri,,Chaetodontidae,Tinker's butterflyfish,,endemic,Verify: also reported Johnston and Marshall Is
Prognathodes basabei,,Chaetodontidae,Basabe's butterflyfish,,endemic,Described 2016 from mesophotic surveys
Chaetodon lunula,,Chaetodontidae,Raccoon butterflyfish,Kikakapu,indigenous,
Chaetodon auriga,,Chaetodontidae,Threadfin butterflyfish,Kikakapu,indigenous,
Chaetodon ornatissimus,,Chaetodontidae,Ornate butterflyfish,Kikakapu,indigenous,
Chaetodon quadrimaculatus,,Chaetodontidae,Fourspot butterflyfish,Lauhau,indigenous,
Chaetodon unimaculatus,,Chaetodontidae,Teardrop butterflyfish,Lauhau,indigenous,
Chaetodon kleinii,,Chaetodontidae,Blacklip butterflyfish,,indigenous,
Chaetodon ephippium,,Chaetodontidae,Saddleback butterflyfish,,indigenous,
Forcipiger flavissimus,,Chaetodontidae,Longnose butterflyfish,Lauwiliwili nukunuku oioi,indigenous,
Forcipiger longirostris,,Chaetodontidae,Big longnose butterflyfish,Lauwiliwili nukunuku oioi,indigenous,
Hemitaurichthys polylepis,,Chaetodontidae,Pyramid butterflyfish,,indigenous,
Hemitaurichthys thompsoni,,Chaetodontidae,Thompson's butterflyfish,,indigenous,
Heniochus diphreutes,,Chaetodontidae,Pennant butterflyfish,,indigenous,
Centropyge potteri,,Pomacanthidae,Potter's angelfish,,endemic,
Centropyge fisheri,,Pomacanthidae,Fisher's angelfish,,endemic,
Centropyge loriculus,,Pomacanthidae,Flame angelfish,,indigenous,
Apolemichthys arcuatus,,Pomacanthidae,Bandit angelfish,,endemic,Hawaii and Johnston Atoll
Genicanthus personatus,,Pomacanthidae,Masked angelfish,,endemic,Mesophotic specialist
Zebrasoma flavescens,,Acanthuridae,Yellow tang,Lauipala,indigenous,
Zebrasoma velifer,,Acanthuridae,Sailfin tang,Manini kea,indigenous,
Ctenochaetus strigosus,,Acanthuridae,Goldring surgeonfish,Kole,endemic,Split from C. flavicauda
Ctenochaetus hawaiiensis,,Acanthuridae,Chevron tang,,indigenous,
Acanthurus triostegus,,Acanthuridae,Convict tang,Manini,endemic,Hawaiian subspecies sandvicensis
Acanthurus nigroris,,Acanthuridae,Bluelined surgeonfish,Maiii lii,endemic,Split from A. nigros
Acanthurus achilles,,Acanthuridae,Achilles tang,Paku iku i,indigenous,
Acanthurus leucopareius,,Acanthuridae,Whitebar surgeonfish,Maikoiko,indigenous,
Acanthurus olivaceus,,Acanthuridae,Orangeband surgeonfish,Naenae,indigenous,
Acanthurus nigrofuscus,,Acanthuridae,Brown surgeonfish,Maiii,indigenous,
Acanthurus blochii,,Acanthuridae,Ringtail surgeonfish,Pualu,indigenous,
Acanthurus dussumieri,,Acanthuridae,Eyestripe surgeonfish,Palani,indigenous,
Acanthurus xanthopterus,,Acanthuridae,Yellowfin surgeonfish,Pualu,indigenous,
Acanthurus guttatus,,Acanthuridae,Whitespotted surgeonfish,Apii,indigenous,Surge zone
Naso lituratus,,Acanthuridae,Orangespine unicornfish,Umaumalei,indigenous,
Naso unicornis,,Acanthuridae,Bluespine unicornfish,Kala,indigenous,
Naso hexacanthus,,Acanthuridae,Sleek unicornfish,Kala holo,indigenous,
Naso brevirostris,,Acanthuridae,Spotted unicornfish,Kala lolo,indigenous,
Zanclus cornutus,,Zanclidae,Moorish idol,Kihikihi,indigenous,
Thalassoma duperrey,,Labridae,Saddle wrasse,Hinalea lauwili,endemic,
Thalassoma ballieui,,Labridae,Blacktail wrasse,Hinalea luahine,endemic,
Thalassoma purpureum,,Labridae,Surge wrasse,Hou,indigenous,
Thalassoma trilobatum,,Labridae,Christmas wrasse,Awela,indigenous,
Labroides phthirophagus,,Labridae,Hawaiian cleaner wrasse,,endemic,
Coris venusta,,Labridae,Elegant coris,,endemic,
Coris flavovittata,,Labridae,Yellowstripe coris,Hilu,endemic,
Coris gaimard,,Labridae,Yellowtail coris,Hinalea aki lolo,indigenous,
Bodianus albotaeniatus,,Labridae,Hawaiian hogfish,Aawa,endemic,Split from B. bilunulatus
Anampses cuvier,,Labridae,Pearl wrasse,Opule,endemic,
Anampses chrysocephalus,,Labridae,Psychedelic wrasse,,endemic,
Stethojulis balteata,,Labridae,Belted wrasse,Omaka,endemic,
Macropharyngodon geoffroy,,Labridae,Shortnose wrasse,,endemic,
Halichoeres ornatissimus,,Labridae,Ornate wrasse,,endemic,
Cirrhilabrus jordani,,Labridae,Flame wrasse,,endemic,Mesophotic
Pseudocheilinus evanidus,,Labridae,Disappearing wrasse,,indigenous,
Pseudocheilinus octotaenia,,Labridae,Eightline wrasse,,indigenous,
Gomphosus varius,,Labridae,Bird wrasse,Hinalea iiwi,indigenous,
Novaculichthys taeniourus,,Labridae,Rockmover wrasse,,indigenous,
Oxycheilinus unifasciatus,,Labridae,Ringtail wrasse,Poou,indigenous,
Xyrichtys umbrilatus,,Labridae,Blackside razorfish,,endemic,
Chlorurus perspicillatus,,Scaridae,Spectacled parrotfish,Uhu uliuli,endemic,
Chlorurus spilurus,,Scaridae,Bullethead parrotfish,Uhu,indigenous,
Scarus dubius,,Scaridae,Regal parrotfish,Uhu,endemic,
Scarus psittacus,,Scaridae,Palenose parrotfish,Uhu,indigenous,
Scarus rubroviolaceus,,Scaridae,Redlip parrotfish,Panuhunuhu,indigenous,
Calotomus zonarchus,,Scaridae,Hawaiian stareye parrotfish,,endemic,
Calotomus carolinus,,Scaridae,Stareye parrotfish,Ponuhunuhu,indigenous,
Dascyllus albisella,,Pomacentridae,Hawaiian dascyllus,Aloiloi,endemic,
Abudefduf abdominalis,,Pomacentridae,Hawaiian sergeant,Mamo,endemic,
Abudefduf vaigiensis,,Pomacentridae,Indo-Pacific sergeant,,indigenous,Recent natural arrival
Abudefduf sordidus,,Pomacentridae,Blackspot sergeant,Kupipi,indigenous,
Chromis ovalis,,Pomacentridae,Oval chromis,,endemic,
Chromis verater,,Pomacentridae,Threespot chromis,,endemic,
Chromis hanui,,Pomacentridae,Chocolatedip chromis,,endemic,
Chromis vanderbilti,,Pomacentridae,Blackfin chromis,,indigenous,
Chromis agilis,,Pomacentridae,Agile chromis,,indigenous,
Chromis struhsakeri,,Pomacentridae,Struhsaker's chromis,,endemic,Mesophotic
Stegastes marginatus,,Pomacentridae,Hawaiian gregory,,endemic,Formerly S. fasciolatus
Plectroglyphidodon imparipennis,,Pomacentridae,Brighteye damselfish,,indigenous,
Plectroglyphidodon johnstonianus,,Pomacentridae,Blue-eye damselfish,,indigenous,
Pseudanthias thompsoni,,Serranidae,Thompson's anthias,,endemic,Mesophotic
Pseudanthias bicolor,,Serranidae,Bicolor anthias,,indigenous,
Luzonichthys earlei,,Serranidae,Earle's splitfin anthias,,endemic,Mesophotic
Odontanthias fuscipinnis,,Serranidae,Yellow anthias,,endemic,Deep mesophotic
Cephalopholis argus,,Serranidae,Peacock grouper,Roi,introduced,Introduced 1956 from Moorea
Lutjanus kasmira,,Lutjanidae,Bluestripe snapper,Taape,introduced,Introduced 1958
Lutjanus fulvus,,Lutjanidae,Blacktail snapper,Toau,introduced,Introduced 1956
Aphareus furca,,Lutjanidae,Smalltooth jobfish,Wahanui,indigenous,
Aprion virescens,,Lutjanidae,Green jobfish,Uku,indigenous,
Parupeneus porphyreus,,Mullidae,Whitesaddle goatfish,Kumu,endemic,
Parupeneus multifasciatus,,Mullidae,Manybar goatfish,Moano,indigenous,
Parupeneus pleurostigma,,Mullidae,Sidespot goatfish,Malu,indigenous,
Parupeneus cyclostomus,,Mullidae,Blue goatfish,Moano kea,indigenous,
Mulloidichthys flavolineatus,,Mullidae,Yellowstripe goatfish,Weke a,indigenous,
Mulloidichthys vanicolensis,,Mullidae,Yellowfin goatfish,Weke ula,indigenous,
Mulloidichthys pfluegeri,,Mullidae,Orange goatfish,Weke nono,indigenous,
Canthigaster jactator,,Tetraodontidae,Hawaiian whitespotted toby,,endemic,
Canthigaster coronata,,Tetraodontidae,Crown toby,,indigenous,
Arothron meleagris,,Tetraodontidae,Spotted pufferfish,Oopu hue,indigenous,
Arothron hispidus,,Tetraodontidae,Stripebelly pufferfish,Oopu hue,indigenous,
Ostracion meleagris,,Ostraciidae,Spotted boxfish,Moa,indigenous,Hawaiian subspecies camurum
Ostracion whitleyi,,Ostraciidae,Whitley's boxfish,,indigenous,
Pervagor spilosoma,,Monacanthidae,Fantail filefish,Oili uwiuwi,endemic,
Pervagor aspricaudus,,Monacanthidae,Orangetail filefish,,indigenous,
Cantherhines sandwichiensis,,Monacanthidae,Squaretail filefish,Oili lepa,endemic,
Cantherhines dumerilii,,Monacanthidae,Barred filefish,Oili,indigenous,
Rhinecanthus rectangulus,,Balistidae,Reef triggerfish,Humuhumu nukunuku apua a,indigenous,State fish
Rhinecanthus aculeatus,,Balistidae,Lagoon triggerfish,Humuhumu nukunuku apua a,indigenous,
Sufflamen bursa,,Balistidae,Lei triggerfish,Humuhumu lei,indigenous,
Sufflamen fraenatum,,Balistidae,Bridled triggerfish,,indigenous,
Melichthys niger,,Balistidae,Black triggerfish,Humuhumu ele ele,indigenous,
Melichthys vidua,,Balistidae,Pinktail triggerfish,Humuhumu hi ukole,indigenous,
Xanthichthys auromarginatus,,Balistidae,Gilded triggerfish,,indigenous,
Xanthichthys mento,,Balistidae,Crosshatch triggerfish,,indigenous,
Sargocentron xantherythrum,,Holocentridae,Hawaiian squirrelfish,Alaihi,endemic,
Sargocentron diadema,,Holocentridae,Crown squirrelfish,Alaihi,indigenous,
Sargocentron spiniferum,,Holocentridae,Sabre squirrelfish,Ala ihi,indigenous,
Myripristis berndti,,Holocentridae,Bigscale soldierfish,Uu,indigenous,
Myripristis amaena,,Holocentridae,Brick soldierfish,Uu,indigenous,
Myripristis kuntee,,Holocentridae,Pearly soldierfish,Uu,indigenous,
Pterois sphex,,Scorpaenidae,Hawaiian turkeyfish,Nohu pinao,endemic,
Dendrochirus barberi,,Scorpaenidae,Hawaiian lionfish,Nohu,endemic,
Scorpaenopsis cacopsis,,Scorpaenidae,Titan scorpionfish,Nohu,endemic,
Scorpaenopsis diabolus,,Scorpaenidae,Devil scorpionfish,Nohu,indigenous,
Sebastapistes ballieui,,Scorpaenidae,Spotfin scorpionfish,,endemic,
Paracirrhites arcatus,,Cirrhitidae,Arc-eye hawkfish,Pilikoa,indigenous,
Paracirrhites forsteri,,Cirrhitidae,Blackside hawkfish,Hilu piliko a,indigenous,
Cirrhitus pinnulatus,,Cirrhitidae,Stocky hawkfish,Poopaa,indigenous,
Cirrhitops fasciatus,,Cirrhitidae,Redbarred hawkfish,,indigenous,Verify: long treated as endemic
Kuhlia xenura,,Kuhliidae,Hawaiian flagtail,Aholehole,endemic,
Aulostomus chinensis,,Aulostomidae,Trumpetfish,Nunu,indigenous,
Fistularia commersonii,,Fistulariidae,Cornetfish,Nunu peke,indigenous,
Gymnothorax flavimarginatus,,Muraenidae,Yellowmargin moray,Puhi paka,indigenous,
Gymnothorax meleagris,,Muraenidae,Whitemouth moray,Puhi oniio,indigenous,
Gymnothorax undulatus,,Muraenidae,Undulated moray,Puhi laumilo,indigenous,
Gymnothorax steindachneri,,Muraenidae,Steindachner's moray,Puhi,endemic,
Gymnothorax berndti,,Muraenidae,Berndt's moray,,indigenous,
Echidna nebulosa,,Muraenidae,Snowflake moray,Puhi kapa,indigenous,
Caranx melampygus,,Carangidae,Bluefin trevally,Omilu,indigenous,
Caranx ignobilis,,Carangidae,Giant trevally,Ulua aukea,indigenous,
Carcharhinus melanopterus,,Carcharhinidae,Blacktip reef shark,Mano pateuha,indigenous,
Triaenodon obesus,,Carcharhinidae,Whitetip reef shark,Mano lalakea,indigenous,
Mobula alfredi,,Mobulidae,Reef manta ray,Hahalua,indigenous,
Taeniura meyeni,,Dasyatidae,Blotched fantail ray,Lupe,indigenous,
Priolepis farcimen,,Gobiidae,Hawaiian shrimp goby,,endemic,
Trimma taylori,,Gobiidae,Yellow cave goby,,indigenous,
Exallias brevis,,Blenniidae,Shortbodied blenny,Pao o,indigenous,
Cirripectes vanderbilti,,Blenniidae,Scarface blenny,,endemic,
Enchelycore pardalis,,Muraenidae,Dragon moray,Puhi kauila,indigenous,
Heteropriacanthus cruentatus,,Priacanthidae,Glasseye,Aweoweo,indigenous,
Sphyraena barracuda,,Sphyraenidae,Great barracuda,Kaku,indigenous,
Chaetodon lineolatus,,Chaetodontidae,Lined butterflyfish,Kikakapu,indigenous,
